kind,path,sha256,size_bytes,submission_n,score,tests,duplicate_group_size,duplicate_representative
fetched_source,fetched_sources/19900627_running.cpp,7abcd7fec40e77cf7d73dd6c2c6b1c8719af6afa6daca6be2e47ea9863f3d33d,131009,,,,1,fetched_sources/19900627_running.cpp
fetched_source,fetched_sources/19900648_running.cpp,1b7562c88f96d78f776b1fea531f1d43403340e4131739b88d010cb3ae84d81d,131051,,,,1,fetched_sources/19900648_running.cpp
fetched_source,fetched_sources/19900692_running.cpp,1a4cb3b333fecd0e7352d8e53227c49474bb0b9723bd801f5bc3fc1e8b8f608d,131050,,,,1,fetched_sources/19900692_running.cpp
fetched_source,fetched_sources/19900981_running.cpp,8843bb332246c4f11061d52bdd34895cfcbe95ade87197997f932920d2c305ef,130250,,,,1,fetched_sources/19900981_running.cpp
fetched_source,fetched_sources/19901040_running.cpp,64684589c610a054be44e0d72035e928b8974babf7eccc1fe15972af9c46e0fb,130332,,,,1,fetched_sources/19901040_running.cpp
fetched_source,fetched_sources/19901042_running.cpp,e5cd2e7a27948d7ac08ba3bacf7d3fca6f2d9c9dd2bcfe0d6df0be2d98200ee2,130250,,,,1,fetched_sources/19901042_running.cpp
fetched_source,fetched_sources/19901060_running.cpp,b71dc57fb6570a1cf618bd261813bd56e18b798c4f7b084112582a0db2963f8b,130242,,,,1,fetched_sources/19901060_running.cpp
fetched_source,fetched_sources/19901075_running.cpp,19f20a21f54b1cc6b2a211fbd0761404b930fe13a3562d67d253a4ed373f6df5,130292,,,,2,fetched_sources/19901075_running.cpp
fetched_source,fetched_sources/19901076_running.cpp,19f20a21f54b1cc6b2a211fbd0761404b930fe13a3562d67d253a4ed373f6df5,130292,,,,2,fetched_sources/19901075_running.cpp
fetched_source,fetched_sources/19901428_macro5k_81.93_7.cpp,84ed899e741f1331d511beaace314e4abe33f24ae8bc2754d85acaeb9e3e6a39,117001,,,,1,fetched_sources/19901428_macro5k_81.93_7.cpp
fetched_source,fetched_sources/kattis_19898780.cpp,e35b655cc62e500de4db41d8126b829e02bfa47fed49570dc1661c1f22bc0574,127206,,,,1,fetched_sources/kattis_19898780.cpp
fetched_source,fetched_sources/kattis_19899430.cpp,6c11bb769a6c26a52b13166b0a6b80f3c83f62863b2ef250642069d95f96008c,127269,,,,1,fetched_sources/kattis_19899430.cpp
fetched_source,fetched_sources/kattis_19899442_running.cpp,02a7d433f749af04ca098add088c47ac5259b728c86328e0d9259ecd811f4643,124180,,,,1,fetched_sources/kattis_19899442_running.cpp
fetched_source,fetched_sources/kattis_19899643.cpp,8ef0c34531cd3dcfd8e8ec55f47bcd2732562cbb3a6236d31bded568cc249504,124184,,,,1,fetched_sources/kattis_19899643.cpp
fetched_source,fetched_sources/kattis_19899673_ce.cpp,ffbb85a48ba57280bcdd9ecb998cfa21884152e5472525fb95f8ee7f8fe08927,131050,,,,1,fetched_sources/kattis_19899673_ce.cpp
fetched_source,fetched_sources/kattis_19899688_ce.cpp,8f5ecc1b31c858d79dcef09d0d94892687ad08571763a87075f94f29a5e68589,131047,,,,1,fetched_sources/kattis_19899688_ce.cpp
fetched_source,fetched_sources/kattis_19899861.cpp,a1aa2f29df598ee04b35403bc00ae177244439d0fb0e3e0f7d0bf9455dcb641c,127288,,,,1,fetched_sources/kattis_19899861.cpp
fetched_source,fetched_sources/kattis_19899874.cpp,b0c5fc40b6ddac91e4f773f53061817f985ad0b4043a78f295c8c7cdf4c8be51,130464,,,,1,fetched_sources/kattis_19899874.cpp
fetched_source,fetched_sources/kattis_19899877.cpp,eaa4a3253cefd2365b27b67993555bbf85a7a6e85f4ad89a2abec69ab3081ab8,127206,,,,1,fetched_sources/kattis_19899877.cpp
fetched_source,fetched_sources/kattis_19899909.cpp,b114ccc424c032074a4c740c91b8680ac5ecfda6b7c0be72603c710076346444,127260,,,,2,fetched_sources/kattis_19899909.cpp
fetched_source,fetched_sources/kattis_19899913.cpp,b114ccc424c032074a4c740c91b8680ac5ecfda6b7c0be72603c710076346444,127260,,,,2,fetched_sources/kattis_19899909.cpp
fetched_source,fetched_sources/kattis_19899922_81.690173.cpp,f0c825c19a96aa310a86a0f12790e4836e7f70f4ec6cb765aa10c94891654cf9,128286,,,,1,fetched_sources/kattis_19899922_81.690173.cpp
fetched_source,fetched_sources/kattis_19899923_81.811538.cpp,0521485217bd11c67bda3645c0b93b5db0233fc5c7c5af586f2cc562a4caf726,131035,,,,1,fetched_sources/kattis_19899923_81.811538.cpp
fetched_source,fetched_sources/kattis_19899937_81.846213.cpp,e4efd98e3d4c6860fd26a2b2b747886c7db6cf6a449a75b942da280ff021846d,131035,,,,1,fetched_sources/kattis_19899937_81.846213.cpp
fetched_source,fetched_sources/kattis_19901493_81.91_7.cpp,7e377f690463b3f9103c54178762a8f69ebe61f1e99a2505bcf74a1f39617b38,131011,,,,4,fetched_sources/kattis_19901493_81.91_7.cpp
fetched_source,fetched_sources/kattis_19901493_running.cpp,7e377f690463b3f9103c54178762a8f69ebe61f1e99a2505bcf74a1f39617b38,131011,,,,4,fetched_sources/kattis_19901493_81.91_7.cpp
fetched_source,fetched_sources/kattis_19901502_70.54_7.cpp,d9599620337c04aa4e10030e332d30755645d4763ce8b8d7fc6aea05b3f02743,118350,,,,1,fetched_sources/kattis_19901502_70.54_7.cpp
fetched_source,fetched_sources/kattis_19901508_81.93_7.cpp,0ea35c19c080820c5b5801c30ae90d508d3aafd7b4a547176014ea2f145a659d,130305,,,,1,fetched_sources/kattis_19901508_81.93_7.cpp
fetched_source,fetched_sources/kattis_19901526_81.93_7.cpp,88e574732486c75b8fd56627d5f5d1c3fd9222a029f393054d53d8e407cf259f,130320,,,,1,fetched_sources/kattis_19901526_81.93_7.cpp
fetched_source,fetched_sources/kattis_19901536_81.71_7.cpp,70839edef808ecc95670e221cb6f415788b24a0a3eee917db6408b1beda7a9c8,129900,,,,1,fetched_sources/kattis_19901536_81.71_7.cpp
fetched_source,fetched_sources/kattis_19901552_81.93_7.cpp,a1f36fe5f688e5eb119ad8dc2b852e562227146d2b691eba45e5ea3dee1f44a2,130726,,,,1,fetched_sources/kattis_19901552_81.93_7.cpp
fetched_source,fetched_sources/kattis_19901553_81.93_7.cpp,e36a1a5f706c942b426a28eec5e44d2e602506481e8fb157a048a842263b1618,121315,,,,2,fetched_sources/kattis_19901553_81.93_7.cpp
fetched_source,fetched_sources/kattis_19901567_81.93_7.cpp,468f00a49903aa91f06f8a742ec51aa848bcbb3fd778af5b7cf9a6a30a41aafe,130372,,,,1,fetched_sources/kattis_19901567_81.93_7.cpp
fetched_source,fetched_sources/kattis_19901569_81.91_7.cpp,7e377f690463b3f9103c54178762a8f69ebe61f1e99a2505bcf74a1f39617b38,131011,,,,4,fetched_sources/kattis_19901493_81.91_7.cpp
fetched_source,fetched_sources/kattis_19901577_81.93_7.cpp,79e53b839f8e0a7c3dab250a83049642653d51aa90b797374420cf752621f6a3,130240,,,,1,fetched_sources/kattis_19901577_81.93_7.cpp
fetched_source,fetched_sources/kattis_19901590_81.93_7.cpp,dca980751ec478336e1d66a7620901f4405ef6365d3bebacda0a3314b67158fb,130104,,,,1,fetched_sources/kattis_19901590_81.93_7.cpp
fetched_source,fetched_sources/kattis_19901599_67.72_6.cpp,4b32beedacb11d2b5f9aa2c0688dc4fbd32f286e0e78c7722896f9f217a209fd,111656,,,,1,fetched_sources/kattis_19901599_67.72_6.cpp
fetched_source,fetched_sources/kattis_19901604_81.93_7.cpp,88c5333cb178c43f5df31b164defe7af9586430e36c48da6e7b49d113132c627,130378,,,,1,fetched_sources/kattis_19901604_81.93_7.cpp
fetched_source,fetched_sources/kattis_19901632_pending.cpp,1ec8b620d9b6011f0901e28adfc816015404dbc8cab048ee6d41cba6d51ea6b0,130450,,,,1,fetched_sources/kattis_19901632_pending.cpp
fetched_source,fetched_sources/kattis_19901642_pending.cpp,9d5dd7e601df46d5aa029a935075ec867d2aca8e694acdf84a2d9511cb8b03b2,130574,,,,1,fetched_sources/kattis_19901642_pending.cpp
fetched_source,fetched_sources/kattis_19901643_81.93_7.cpp,09f4d5d677f265a12ca045a44e25ccf2a489741a8365b0d282f53b4a3570157a,130377,,,,2,fetched_sources/kattis_19901643_81.93_7.cpp
fetched_source,fetched_sources/kattis_19901643_pending.cpp,09f4d5d677f265a12ca045a44e25ccf2a489741a8365b0d282f53b4a3570157a,130377,,,,2,fetched_sources/kattis_19901643_81.93_7.cpp
fetched_source,fetched_sources/kattis_19901655_81.93_7.cpp,94197b3956d4216c4b8e60971674c6549d6c25876ccebaebd2b702c89419873b,130345,,,,2,fetched_sources/kattis_19901655_81.93_7.cpp
fetched_source,fetched_sources/kattis_19901655_pending.cpp,94197b3956d4216c4b8e60971674c6549d6c25876ccebaebd2b702c89419873b,130345,,,,2,fetched_sources/kattis_19901655_81.93_7.cpp
fetched_source,fetched_sources/kattis_19901657_81.93_7.cpp,c4847162af2de837f7ff20af46a279ca5f302ddcbe1239b25d24bf7d24b7f5e0,130484,,,,3,fetched_sources/kattis_19901657_81.93_7.cpp
fetched_source,fetched_sources/kattis_19901657_pending.cpp,c4847162af2de837f7ff20af46a279ca5f302ddcbe1239b25d24bf7d24b7f5e0,130484,,,,3,fetched_sources/kattis_19901657_81.93_7.cpp
fetched_source,fetched_sources/kattis_19901662_81.93_7.cpp,fc34ac265b5cdfbe53681a43a07a1cc1ad28a7c66ceddd82640a415c15c410f7,130482,,,,2,fetched_sources/kattis_19901662_81.93_7.cpp
fetched_source,fetched_sources/kattis_19901665_81.93_7.cpp,1d99a55eaddaccf97001d143744abd5d454806de7432ca05d27819c6ea95ed08,127759,,,,1,fetched_sources/kattis_19901665_81.93_7.cpp
fetched_source,fetched_sources/kattis_19901675_59.38_6.cpp,f306237c6d59eaa97373ddcddf8f8393144611e65f90bb2cb8d78f45d7cc1277,29323,,,,1,fetched_sources/kattis_19901675_59.38_6.cpp
fetched_source,fetched_sources/kattis_19901681_81.93_7.cpp,288929842daf12e8fefb94d36c5165e74072832aae0605233acb98d833412250,126825,,,,2,fetched_sources/kattis_19901681_81.93_7.cpp
fetched_source,fetched_sources/kattis_19901696_81.93_7.cpp,e36a1a5f706c942b426a28eec5e44d2e602506481e8fb157a048a842263b1618,121315,,,,2,fetched_sources/kattis_19901553_81.93_7.cpp
fetched_source,fetched_sources/kattis_19901705_81.93_7.cpp,a32df265270e340f01c1a315bd2a4aea16b98d900821026ae0192838b1899acb,128766,,,,1,fetched_sources/kattis_19901705_81.93_7.cpp
fetched_source,fetched_sources/kattis_19901721_81.93_7.cpp,1dcc7d5cd7310273f0206a346e85b01e7503709ef81045a8699442b9f4a07795,130489,,,,2,fetched_sources/kattis_19901721_81.93_7.cpp
fetched_source,fetched_sources/kattis_19901726_81.93_7.cpp,b60074da7bc568abc47ed4c3ed433506578745f39700a8bbb155fec7e6d19266,130510,,,,1,fetched_sources/kattis_19901726_81.93_7.cpp
fetched_source,fetched_sources/kattis_19901729_81.93_7.cpp,30d1c1f77ba0d15b8be0874f49bed9f167e109b50f5ed52b70f797e53933ffd9,130253,,,,1,fetched_sources/kattis_19901729_81.93_7.cpp
fetched_source,fetched_sources/kattis_19901738_81.93_7.cpp,ed6370e222af9364ed5df549b0f279cd0110efdfcca61b64836af3e55b16d0ab,131044,,,,1,fetched_sources/kattis_19901738_81.93_7.cpp
fetched_source,fetched_sources/kattis_19901759_79.57_7.cpp,0e59628ba3e8616a68ebc929e2fa2dfe04b1d269c86473f2c69f5a8816201772,129533,,,,1,fetched_sources/kattis_19901759_79.57_7.cpp
fetched_source,fetched_sources/kattis_19901760_81.93_7.cpp,d9b812ee7ae06debc2689498b8967f2dc0614534a16a61ccb9fec05c94ce1a9c,130292,,,,1,fetched_sources/kattis_19901760_81.93_7.cpp
fetched_source,fetched_sources/kattis_19901810_81.93_7.cpp,bdb2c391bb7009cf6da79b9401cd0f7ef55bd3c662d46ad537bb8ad768ba37b7,119990,,,,1,fetched_sources/kattis_19901810_81.93_7.cpp
fetched_source,fetched_sources/kattis_19901812_81.93_7.cpp,cbab0f85ead8a7a95e00bfe8dd84d372f679204af2161e713aa6f72fe59fc8da,130306,,,,1,fetched_sources/kattis_19901812_81.93_7.cpp
fetched_source,fetched_sources/kattis_19901928_81.93_7.cpp,1dcc7d5cd7310273f0206a346e85b01e7503709ef81045a8699442b9f4a07795,130489,,,,2,fetched_sources/kattis_19901721_81.93_7.cpp
fetched_source,fetched_sources/kattis_19901933_81.93_7.cpp,0feaa49b049fa9247cb22741cb2970755b3812bca84281ab2dd4f5e835c2a5e3,130681,,,,1,fetched_sources/kattis_19901933_81.93_7.cpp
fetched_source,fetched_sources/kattis_19901985_81.93_7.cpp,7a06d1e5bc4eaf1371ed67854475a9eb16daefb98152fa1efbabdbd9d4230210,130575,,,,1,fetched_sources/kattis_19901985_81.93_7.cpp
fetched_source,fetched_sources/kattis_19901997_67.75_6.cpp,b6c71528dc57a95b18db07ea55ca3260b0cbcbca9448c5b6950bf616618d1125,121130,,,,1,fetched_sources/kattis_19901997_67.75_6.cpp
fetched_source,fetched_sources/kattis_19902011_81.93_7.cpp,de37336dab7eca783b23ebc9c19e0b2443976de593001dacc0c6f48b1ed6c769,107288,,,,1,fetched_sources/kattis_19902011_81.93_7.cpp
fetched_source,fetched_sources/kattis_19902013_81.93_7.cpp,04d737c4a7e8c2df4b5125d4479694f6f2bb95c47cd4b4bd91f5ba974262a3b0,107285,,,,1,fetched_sources/kattis_19902013_81.93_7.cpp
fetched_source,fetched_sources/kattis_19902066_81.69_7.cpp,68a8f0f27e9eb766b5559c438e7214ce3e25bd13b146a41e6b09db8f4a135c58,121130,,,,1,fetched_sources/kattis_19902066_81.69_7.cpp
fetched_source,fetched_sources/kattis_19902071_66.79_6.cpp,ae4e8784643810683dd6481286635d435b31664c393f30cac9bb11c0e2bbdb71,121130,,,,1,fetched_sources/kattis_19902071_66.79_6.cpp
fetched_source,fetched_sources/kattis_19902085_81.93_7.cpp,4e5e0201721916b8b3b511e9b79c7aa7805559bdbbca53a59b2c3b556242fd5b,121130,,,,1,fetched_sources/kattis_19902085_81.93_7.cpp
fetched_source,fetched_sources/kattis_19902092_81.93_7.cpp,3f8ed0198536c5f433d5e0ec841a2c1949e98baf092f9c760c6f3afb354e749b,107755,,,,1,fetched_sources/kattis_19902092_81.93_7.cpp
fetched_source,fetched_sources/kattis_19902096_29.33_7.cpp,d65f1910442241a68558f8f8cf6b2e90fbc61a7eafd7d1681332746985383208,121130,,,,1,fetched_sources/kattis_19902096_29.33_7.cpp
fetched_source,fetched_sources/kattis_19902106_81.93_7.cpp,db8701620b2ac056eaff914a26a46569629fc3c1ae16c6ba95cd1cc3db475857,107752,,,,1,fetched_sources/kattis_19902106_81.93_7.cpp
fetched_source,fetched_sources/kattis_19902121_81.93_7.cpp,420d0b54807cc4bebf6a09d62de1def589c14cf2fe626d1e109b4f6aa097cf06,108620,,,,1,fetched_sources/kattis_19902121_81.93_7.cpp
fetched_source,fetched_sources/kattis_19902123_81.81_7.cpp,1994e41680ab4b4cfed73d0a70051d042ca99334aabcc488fffc5016b9324c50,130989,,,,1,fetched_sources/kattis_19902123_81.81_7.cpp
fetched_source,fetched_sources/kattis_19902622_compile_error.cpp,d94e8d5b7052e85e1b3b702279c57669cc7aee6007b7f9f2b88470eeb2538ccc,130862,,,,1,fetched_sources/kattis_19902622_compile_error.cpp
fetched_source,fetched_sources/kattis_19902641_compile_error.cpp,8056805cc1c274088bcd6af8fff113623b3721a11b83f3c0425a8e9d56cf569a,130859,,,,1,fetched_sources/kattis_19902641_compile_error.cpp
fetched_source,fetched_sources/kattis_19903326_fetched.cpp,e8a4d0da1b9142253c84778c462d5ee060dc2407cfbc9f6931407c8f00f6ff8c,130837,,,,1,fetched_sources/kattis_19903326_fetched.cpp
fetched_source,fetched_sources/kattis_19903327_fetched.cpp,645288907e5152beff5ce931d3da8567a645380720febf27895c49fb47b97da6,130838,,,,1,fetched_sources/kattis_19903327_fetched.cpp
fetched_source,fetched_sources/kattis_19903347_fetched.cpp,7e377f690463b3f9103c54178762a8f69ebe61f1e99a2505bcf74a1f39617b38,131011,,,,4,fetched_sources/kattis_19901493_81.91_7.cpp
fetched_source,fetched_sources/kattis_19903352_fetched.cpp,240020b4f20de3f15b33a870171286f241046fd6dbb3c79621daa3f30ab3e02c,130839,,,,1,fetched_sources/kattis_19903352_fetched.cpp
fetched_source,fetched_sources/kattis_19903372_fetched.cpp,6bc699e168d0f570f50d5413a3da97f8341a493e4349bbc03d4b391f49080e73,130840,,,,1,fetched_sources/kattis_19903372_fetched.cpp
fetched_source,fetched_sources/kattis_19903389_fetched.cpp,288929842daf12e8fefb94d36c5165e74072832aae0605233acb98d833412250,126825,,,,2,fetched_sources/kattis_19901681_81.93_7.cpp
fetched_source,fetched_sources/kattis_19903410_fetched.cpp,97bdcce4e0b6d2cdf49d5009aec318f47b7f86158388c7bb74f7683da80811b9,130846,,,,1,fetched_sources/kattis_19903410_fetched.cpp
fetched_source,fetched_sources/kattis_19903411_fetched.cpp,f23059e0d2004bc4daa694fbfc994479866331c3aeb12456a85f3360149972a8,130846,,,,1,fetched_sources/kattis_19903411_fetched.cpp
fetched_source,fetched_sources/kattis_19903425_fetched.cpp,4f8986b1b1c2c3f87ee542c1344dbfa666f4533a8a4159ef4ad0eeaf4dfc0e93,130846,,,,1,fetched_sources/kattis_19903425_fetched.cpp
fetched_source,fetched_sources/kattis_19903426_fetched.cpp,a0ae759f409fa9e56dd731e6096a515e454f6a4cada7be8585bc71ac78f03402,130841,,,,1,fetched_sources/kattis_19903426_fetched.cpp
fetched_source,fetched_sources/kattis_19903473_fetched.cpp,3c2bfc150eb6489ae4dbb59290f73889e4f8a66603ed4836bbac1b084351f74c,130843,,,,1,fetched_sources/kattis_19903473_fetched.cpp
fetched_source,fetched_sources/kattis_19903474_fetched.cpp,6ad0ecfc3b02d896f63df4dfdc34cd86a4a4e8fddf2313636bf751465887466e,122446,,,,1,fetched_sources/kattis_19903474_fetched.cpp
fetched_source,fetched_sources/kattis_19903498_fetched.cpp,58e4d1b94c0852fc316389862e529dbff4f4d066c4a07e8646c949ca682ebd2a,130843,,,,1,fetched_sources/kattis_19903498_fetched.cpp
fetched_source,fetched_sources/kattis_19903499_fetched.cpp,53b5cae157aa2dcb711a95795d55373c610892671be1ef2a7904ae4944e28af2,130845,,,,1,fetched_sources/kattis_19903499_fetched.cpp
fetched_source,fetched_sources/kattis_19903522_fetched.cpp,f5d86bd4873b39244b257f69dafa0878f0d3f6a65f7607e9c25151af800795b8,130845,,,,1,fetched_sources/kattis_19903522_fetched.cpp
fetched_source,fetched_sources/kattis_19903544_fetched.cpp,8c084609f98b6ede3b886cc6abe8ef6dc6a517660b57c8319aa8e73f687085fd,130845,,,,1,fetched_sources/kattis_19903544_fetched.cpp
fetched_source,fetched_sources/kattis_19903567_fetched.cpp,8c67ce6dd5b3f9b5c93d2b36cd3825a6513212607e8261efbb3d017aa82c2ac0,130845,,,,1,fetched_sources/kattis_19903567_fetched.cpp
fetched_source,fetched_sources/kattis_19913561_81.93_7.cpp,427c297d06c632f25370e01fd6880d7aad0ab2ae2a4ef88bf2bc9a6f52a6a178,123350,,,,2,fetched_sources/kattis_19913561_81.93_7.cpp
fetched_source,fetched_sources/kattis_19913563_29.33_3.cpp,97f47ead479773893b057f091933952debef4df94ec98d8ccde9f2a94e4aa053,33638,,,,2,fetched_sources/kattis_19913563_29.33_3.cpp
fetched_source,fetched_sources/kattis_19915873_68.11_6.cpp,5779dcd1f4a5352e0d787c6092b6f1053ee54dd3c5be55824730f0f1ba561ebe,131021,,,,2,fetched_sources/kattis_19915873_68.11_6.cpp
fetched_source,fetched_sources/kattis_19915947_68.11_6.cpp,e4ca7fdbecb5465b1fa4fce8ee3c694ecb4864ddb773aa3e742898f87c96f001,125051,,,,2,fetched_sources/kattis_19915947_68.11_6.cpp
fetched_source,fetched_sources/kattis_19915979_81.94_7.cpp,fe84a369c32df19fe3174ea47bd201c3570a6fd4d0ef221f9ca8e07a277bcc76,129127,,,,2,fetched_sources/kattis_19915979_81.94_7.cpp
fetched_source,fetched_sources/kattis_19916059_80.65_7.cpp,bce9ec0321635870c08eb2d15860869831e4ea615cea80d3f9206efb70487dd6,121845,,,,2,fetched_sources/kattis_19916059_80.65_7.cpp
fetched_source,fetched_sources/kattis_19916172_53.92_5.cpp,d359a4d7feff2ee445d93890cf4d9428c5f9d9e7354d9f225d2dc2ca4e359c41,121594,,,,2,fetched_sources/kattis_19916172_53.92_5.cpp
fetched_source,fetched_sources/kattis_19916304_53.93_5.cpp,be8bbbb040ad65025967cc12c2ccca30794a740a3014ae5d693d9599efc2a7e5,131036,,,,2,fetched_sources/kattis_19916304_53.93_5.cpp
fetched_source,fetched_sources/kattis_19916404_43.10_4.cpp,61c76b8edd42a3ae75c0168a62d09b7474e209e5c06081310d7bafbde3b9ede2,131036,,,,2,fetched_sources/kattis_19916404_43.10_4.cpp
fetched_source,fetched_sources/kattis_19916451_81.93_7.cpp,c931fb86003d6b9743080f9d2c0aa9371f9a1458ee79456e78440ad9f7214437,130553,,,,2,fetched_sources/kattis_19916451_81.93_7.cpp
fetched_source,fetched_sources/kattis_19916516_53.93_5.cpp,42be75e13d7ef0f9d8d8b5a4997146a26a6fe96861e8efb5e2570837dd3ab129,130998,,,,2,fetched_sources/kattis_19916516_53.93_5.cpp
fetched_source,fetched_sources/kattis_19916575_81.93_7.cpp,dcdc6900a5ae4bf74408b41892cc00fac8236d72ed53d4ea7d090e3c14409104,130521,,,,2,fetched_sources/kattis_19916575_81.93_7.cpp
fetched_source,fetched_sources/kattis_19916795_56.67_5.cpp,f7c353e246ff7b4cec3fbeb02a08450488fde6b36fa40d8961581a764b9b8282,26750,,,,2,fetched_sources/kattis_19916795_56.67_5.cpp
fetched_source,fetched_sources/kattis_19916962_71.11_6.cpp,bd6fd2e8f804515cd5367b085baf7a3a4a9c0d8d53f08a8b26d60fcd1f05275c,130726,,,,2,fetched_sources/kattis_19916962_71.11_6.cpp
fetched_source,fetched_sources/kattis_19917114_81.93_7.cpp,93afcb77c4c48e3c487b9d6482c438234467b4b78dc6daec3641f4903d652590,130615,,,,2,fetched_sources/kattis_19917114_81.93_7.cpp
fetched_source,fetched_sources/kattis_19917204_41.57_4.cpp,18a24c9caecd31dc4e4a3e2cee9272210facda3bbadedd41bc67e95f14411d4a,53633,,,,1,fetched_sources/kattis_19917204_41.57_4.cpp
fetched_source,fetched_sources/kattis_19917380_17.01_4.cpp,79722e621295e17e975edc0e3cbf019b30557efea44ca6d01159eeabfe3f6353,51628,,,,1,fetched_sources/kattis_19917380_17.01_4.cpp
fetched_source,fetched_sources/kattis_19917401_81.93_7.cpp,75fa06478951a7229b38faba039cb698a2fcaec3127eff8a1d6a44871cba8599,130682,,,,2,fetched_sources/kattis_19917401_81.93_7.cpp
fetched_source,fetched_sources/kattis_19917443_44.20_4.cpp,d8a45ed15af69dd2104b3f4146915b20a8ebca6cb2a515ea7f2cc4fc2fee2206,72915,,,,1,fetched_sources/kattis_19917443_44.20_4.cpp
root_submission,submission_1000_43.88_6.cpp,c2a98b9516cc05808fddcb8fe4bba75b6649bfc99211cd2d7e7b434b34656eed,8741,1000,43.88,6,1,submission_1000_43.88_6.cpp
root_submission,submission_1001_81.93_7.cpp,02b11ae774272a09a3b366f2deea1717e291a582bb3b628713351160be241a91,130476,1001,81.93,7,1,submission_1001_81.93_7.cpp
root_submission,submission_1002_16.29_2.cpp,60691f007b1d694a13299e70313f8221aa4b7cf310e740c09df42d3373313161,54554,1002,16.29,2,1,submission_1002_16.29_2.cpp
root_submission,submission_1003_81.93_7.cpp,57f1ca1650eeb9eeb1474a12cc7840ed707d9874237bc7b844aa9ef763e310e6,130476,1003,81.93,7,1,submission_1003_81.93_7.cpp
root_submission,submission_1004_16.30_7.cpp,9580fe6b169c1780c9d046601b14931e15a7d45bdab1b49c3e6ef4259eff2471,8147,1004,16.30,7,1,submission_1004_16.30_7.cpp
root_submission,submission_1005_81.93_7.cpp,1767ea52f90e0dccf4b8af57c7b3959cdc547201ac78213775c82e5e23b46039,130974,1005,81.93,7,1,submission_1005_81.93_7.cpp
root_submission,submission_1006_81.93_7.cpp,ba1db6273f7d016dff05baeebd09b49a6a67683844c6723c0ee9efad4dcba1ca,130965,1006,81.93,7,1,submission_1006_81.93_7.cpp
root_submission,submission_1007_17.01_4.cpp,b06c002c8dbf086637ad7c7307d6d36c3c8db0ff19029d0eb9aa1eda4af92826,48998,1007,17.01,4,1,submission_1007_17.01_4.cpp
root_submission,submission_1008_17.00_4.cpp,3733f9251e829f9a0895ddd4f0caa5c3025a949ac14f2be3511907258478ec79,44303,1008,17.00,4,1,submission_1008_17.00_4.cpp
root_submission,submission_1009_16.52_5.cpp,054cbc0e3f8a8952714f66dc9d47a60d2c6b0de518c75af8fa4d4fe0bb40f885,8015,1009,16.52,5,1,submission_1009_16.52_5.cpp
root_submission,submission_1010_81.93_7.cpp,625582114d6de49d4b7bf20106acbc30e0a06c1398001a074af8d4ef2290f674,131014,1010,81.93,7,1,submission_1010_81.93_7.cpp
root_submission,submission_1011_23.01_4.cpp,cf948d33d71b0650463fba4f6fff35936f2e60f458f51de6d5f7191fdb359daf,9313,1011,23.01,4,1,submission_1011_23.01_4.cpp
root_submission,submission_1012_81.93_7.cpp,b781331a3d7a6fe98854bd81915550813d3fe4477f5e6e7a762b1a5d72d7040f,130476,1012,81.93,7,1,submission_1012_81.93_7.cpp
root_submission,submission_1013_81.93_7.cpp,44fef070b5f22381047f2cf7cc251788324e3b2f47fd85ffafb71bfba86ef98a,130542,1013,81.93,7,1,submission_1013_81.93_7.cpp
root_submission,submission_1014_81.93_7.cpp,fc34ac265b5cdfbe53681a43a07a1cc1ad28a7c66ceddd82640a415c15c410f7,130482,1014,81.93,7,2,fetched_sources/kattis_19901662_81.93_7.cpp
root_submission,submission_1015_81.93_7.cpp,c4847162af2de837f7ff20af46a279ca5f302ddcbe1239b25d24bf7d24b7f5e0,130484,1015,81.93,7,3,fetched_sources/kattis_19901657_81.93_7.cpp
root_submission,submission_1016_81.93_7.cpp,ed3ab4e2788519c0063e4ba837fe85c67e793ebb6bb106542bc0b86a7939e122,130626,1016,81.93,7,1,submission_1016_81.93_7.cpp
root_submission,submission_1017_10.39_7.cpp,775c377e1a55738b5f5e8073b58e84d4052c49895fd0d2f1b9fdef598ae6bd20,130152,1017,10.39,7,1,submission_1017_10.39_7.cpp
root_submission,submission_1018_81.93_7.cpp,ebbb90bead64601e7d111f062cb70a4b50693389dcd7733644cbbc07f9c7f33a,130289,1018,81.93,7,1,submission_1018_81.93_7.cpp
root_submission,submission_1019_81.93_7.cpp,bded3b3be32d690f0a74379f6127f0128cf918f7f200f5d0c7d49b1aac795fb6,130361,1019,81.93,7,1,submission_1019_81.93_7.cpp
root_submission,submission_1020_5.00_7.cpp,f8df257161bebc11a9e1080e0ae31f5c61ad1f45fa1fcba34abc78270393d739,14453,1020,5.00,7,2,submission_1020_5.00_7.cpp
root_submission,submission_1021_3.99_7.cpp,c6a1225044498d0b9a07cf0881996f3c18b32a1776fa830238b6bf8220774405,11766,1021,3.99,7,2,submission_1021_3.99_7.cpp
root_submission,submission_1022_81.93_7.cpp,0247c11b1c4f003d845cbe64dbe29e1b767f66241debcf97c1b7e43f36a226b8,130538,1022,81.93,7,1,submission_1022_81.93_7.cpp
root_submission,submission_1023_27.62_5.cpp,e83b45b7455727ef1ae61a9c0dacf08ca99fad7abb45687af8a4deafd8a67d6d,25989,1023,27.62,5,2,submission_1023_27.62_5.cpp
root_submission,submission_1024_15.67_6.cpp,8ac82a729152419ee4c90b828a4a02806a924aa4f3c762b1a4f027301ddfc19b,13346,1024,15.67,6,2,submission_1024_15.67_6.cpp
root_submission,submission_1025_15.91_6.cpp,d6599e60b86f841b05155ebd0a5136890de27532f57447321ef47dd1fd397d49,13853,1025,15.91,6,2,submission_1025_15.91_6.cpp
root_submission,submission_1026_45.18_4.cpp,8f3d760df1e257092bbcd808aac55ae99d169c1e94dd3429889f53a27b6e3281,17742,1026,45.18,4,2,submission_1026_45.18_4.cpp
root_submission,submission_1027_27.34_4.cpp,baddfdda62069c4f50162f874568521247f4cd3f03fe12d5f9bfc91f80af6e78,9713,1027,27.34,4,3,submission_1027_27.34_4.cpp
root_submission,submission_1028_15.58_2.cpp,37e280c703e90bd9f152e476ee1bb64f680b0b5a71212d79e1985e287cbb4bf8,10547,1028,15.58,2,2,submission_1028_15.58_2.cpp
root_submission,submission_1029_1.51_2.cpp,a4c79d631154137a401e333b13454b0b038dd59243f43a997f13004f7dde235f,12230,1029,1.51,2,2,submission_1029_1.51_2.cpp
root_submission,submission_1030_81.69_7.cpp,c2a4e418c563e31ffa5a7263156ea025b166f895520edf1bf5a2e3856b831880,128624,1030,81.69,7,1,submission_1030_81.69_7.cpp
root_submission,submission_1031_16.50_1.cpp,63fdfd44cb3a2c7ba631c4cb0575735ebe16468f251b38dde89e8d145d3fa9a4,10308,1031,16.50,1,2,submission_1031_16.50_1.cpp
root_submission,submission_1032_81.93_7.cpp,6941ba48789b8b76fd017af30a3e914f8598237312e42847c790ca7a7e82d897,130544,1032,81.93,7,1,submission_1032_81.93_7.cpp
root_submission,submission_1033_67.75_6.cpp,adba1adb7493de8bb9f620451f3be432ed524a18d94494ddeaf4e9d5bc8acdb6,128928,1033,67.75,6,1,submission_1033_67.75_6.cpp
root_submission,submission_1034_70.49_6.cpp,cea541a93b15e72fb50c3de692af74962c204df072616c58da6fc7822737bf98,120498,1034,70.49,6,1,submission_1034_70.49_6.cpp
root_submission,submission_1035_81.93_7.cpp,e76858462c8e2b2a38a73d42b951e9c47ce0bbb031febacc2378bd2240386a17,125229,1035,81.93,7,1,submission_1035_81.93_7.cpp
root_submission,submission_1036_70.49_6.cpp,6ed7a8f2aeb8ebecd0159cc9a0ac9a7a164133abc1d776988f0d8e8a352a2c8c,130482,1036,70.49,6,1,submission_1036_70.49_6.cpp
root_submission,submission_1037_3.13_2.cpp,1ba294b7ef83b9c9a94259843513ee72bb0b8c4e9ededde0f024a339f3dcdb9e,23178,1037,3.13,2,1,submission_1037_3.13_2.cpp
root_submission,submission_1038_81.93_7.cpp,aa3964a1bea52880c65c116617a8b1300c6d7c55cd9c80b6fc8361318430f5a6,129736,1038,81.93,7,1,submission_1038_81.93_7.cpp
root_submission,submission_1039_17.01_4.cpp,d34bfe614a785b082c64a0a2b8a0b1d83c266fd19b7fbe93b671e6e490234f01,48997,1039,17.01,4,2,submission_1039_17.01_4.cpp
root_submission,submission_1040_81.93_7.cpp,0c08e702f2e63c85c66262b4ed66fba4b3cc1acc5342d5ba0dbd97d7da9bead3,128338,1040,81.93,7,1,submission_1040_81.93_7.cpp
root_submission,submission_1041_17.00_4.cpp,9fbe4830a4f5556228fdb75d23646638c7d39ed38b000311c565f8add4bc3a92,44302,1041,17.00,4,2,submission_1041_17.00_4.cpp
root_submission,submission_1042_81.94_7.cpp,83aa0230b6cb9ce40ca7d4ab5ec463d602b3354748e5418b0176b3e0dc1f494b,128611,1042,81.94,7,1,submission_1042_81.94_7.cpp
root_submission,submission_1043_81.94_7.cpp,6ed4f6fc270cf1f1ade293736a1348216c9b211aef5ebcf244fe9d83b77d2369,127692,1043,81.94,7,1,submission_1043_81.94_7.cpp
root_submission,submission_1044_81.94_7.cpp,7d94bd32c1bcba1601f1a2f84615ca2dccf6ccf6fc734f62b923b35ba96ab539,122675,1044,81.94,7,1,submission_1044_81.94_7.cpp
root_submission,submission_1045_27.62_5.cpp,e83b45b7455727ef1ae61a9c0dacf08ca99fad7abb45687af8a4deafd8a67d6d,25989,1045,27.62,5,2,submission_1023_27.62_5.cpp
root_submission,submission_1046_81.81_7.cpp,1a1c3669c51d5be8715beadc4be433b843f6c58377d0e914833218ab6bbbb650,131041,1046,81.81,7,1,submission_1046_81.81_7.cpp
root_submission,submission_1047_4.20_7.cpp,f8df257161bebc11a9e1080e0ae31f5c61ad1f45fa1fcba34abc78270393d739,14453,1047,4.20,7,2,submission_1020_5.00_7.cpp
root_submission,submission_1048_16.56_2.cpp,2b139571f4bb182c82c270d4b14d1748135f6ffb561303bc1e5922e36ea2d113,15999,1048,16.56,2,3,submission_1048_16.56_2.cpp
root_submission,submission_1049_81.69_7.cpp,b3319e8376392432bebc220e03b61d7331667cf44d2024b0c5fe7702d5efb5bd,128133,1049,81.69,7,1,submission_1049_81.69_7.cpp
root_submission,submission_1050_81.69_7.cpp,be0df9d7dccdfbd768ab0dd128a09dc1430cd7b070ada8bab2b5d0a3966d9add,128080,1050,81.69,7,1,submission_1050_81.69_7.cpp
root_submission,submission_1051_16.52_5.cpp,7c4dbbe22e166d2963b9ae1a43f970edf4ed93c5faf38e1ca455da4b0078d676,8014,1051,16.52,5,1,submission_1051_16.52_5.cpp
root_submission,submission_1052_3.79_7.cpp,c6a1225044498d0b9a07cf0881996f3c18b32a1776fa830238b6bf8220774405,11766,1052,3.79,7,2,submission_1021_3.99_7.cpp
root_submission,submission_1053_23.04_4.cpp,2ef116720083c50f1b923fef5a79b967cd613d61d4f3ab65d7473407f8b4cdda,9312,1053,23.04,4,1,submission_1053_23.04_4.cpp
root_submission,submission_1054_26.12_4.cpp,baddfdda62069c4f50162f874568521247f4cd3f03fe12d5f9bfc91f80af6e78,9713,1054,26.12,4,3,submission_1027_27.34_4.cpp
root_submission,submission_1055_81.93_7.cpp,8e4ab57eefd62e3178f439c5b0ff253a0afd88ea2c7221f654d88aa4e6ca56e0,130956,1055,81.93,7,2,submission_1055_81.93_7.cpp
root_submission,submission_1056_15.58_2.cpp,37e280c703e90bd9f152e476ee1bb64f680b0b5a71212d79e1985e287cbb4bf8,10547,1056,15.58,2,2,submission_1028_15.58_2.cpp
root_submission,submission_1057_81.93_7.cpp,36e4260305a540f7b3f95904ec3748bc94b0400ff465047ef64d33198dce9e98,130928,1057,81.93,7,1,submission_1057_81.93_7.cpp
root_submission,submission_1058_1.51_2.cpp,a4c79d631154137a401e333b13454b0b038dd59243f43a997f13004f7dde235f,12230,1058,1.51,2,2,submission_1029_1.51_2.cpp
root_submission,submission_1059_16.50_1.cpp,63fdfd44cb3a2c7ba631c4cb0575735ebe16468f251b38dde89e8d145d3fa9a4,10308,1059,16.50,1,2,submission_1031_16.50_1.cpp
root_submission,submission_1060_70.49_6.cpp,00d7498413e9abf2385954cb2c74247c104422f0183ced71461e68cdb8738150,130282,1060,70.49,6,1,submission_1060_70.49_6.cpp
root_submission,submission_1061_67.73_6.cpp,645865320798cf308fb3c392cbf387472997bb97ea037478e71f4419e4b35b67,130253,1061,67.73,6,1,submission_1061_67.73_6.cpp
root_submission,submission_1062_81.91_7.cpp,89dea9828a216d98be9fe7a2388185c1ce0183684e149a9fa4a353bd1e9e98fd,130243,1062,81.91,7,1,submission_1062_81.91_7.cpp
root_submission,submission_1063_26.07_4.cpp,3b463ddf97b0415b27d092e202efe421ef8f21b62704df63191bf56994f4bdb4,13196,1063,26.07,4,2,submission_1063_26.07_4.cpp
root_submission,submission_1064_16.54_2.cpp,b2df0c5b4f8af560ddab1953bc02b5a48f7517731500aa09b187594fc137d961,9720,1064,16.54,2,2,submission_1064_16.54_2.cpp
root_submission,submission_1065_81.91_7.cpp,ca87920c260ecb7874fa477d369b9a1d6f355b68beacaa24b586ed5a4fbeb61b,130189,1065,81.91,7,1,submission_1065_81.91_7.cpp
root_submission,submission_1066_81.91_7.cpp,11602e38687b90f86a0d79ddcd0e533d43cf7392b34a83b1cc77706a56ea719b,130169,1066,81.91,7,1,submission_1066_81.91_7.cpp
root_submission,submission_1067_16.47_7.cpp,1103e3095e6b693824976fe84134a1ba28210e128f0948cb6cf316940219a2e6,10590,1067,16.47,7,3,submission_1067_16.47_7.cpp
root_submission,submission_1068_15.68_6.cpp,8ac82a729152419ee4c90b828a4a02806a924aa4f3c762b1a4f027301ddfc19b,13346,1068,15.68,6,2,submission_1024_15.67_6.cpp
root_submission,submission_1069_15.90_6.cpp,d6599e60b86f841b05155ebd0a5136890de27532f57447321ef47dd1fd397d49,13853,1069,15.90,6,2,submission_1025_15.91_6.cpp
root_submission,submission_1070_45.18_4.cpp,8f3d760df1e257092bbcd808aac55ae99d169c1e94dd3429889f53a27b6e3281,17742,1070,45.18,4,2,submission_1026_45.18_4.cpp
root_submission,submission_1071_17.57_5.cpp,7925ea53d92340f04a8604228c516a90c8936fd06f497bff49cf56bde8d7b90e,15145,1071,17.57,5,2,submission_1071_17.57_5.cpp
root_submission,submission_1072_81.93_7.cpp,55b25fd13a4aa56913570c264131af65f266aa638a3464f418869e66079c5cd3,126355,1072,81.93,7,1,submission_1072_81.93_7.cpp
root_submission,submission_1073_14.60_3.cpp,3b463ddf97b0415b27d092e202efe421ef8f21b62704df63191bf56994f4bdb4,13196,1073,14.60,3,2,submission_1063_26.07_4.cpp
root_submission,submission_1074_81.94_7.cpp,1f6e12213c41e1d30fa047e042071f7f4d0e8686bee9091ac8ee7b42d25c06a3,127298,1074,81.94,7,1,submission_1074_81.94_7.cpp
root_submission,submission_1075_16.82_5.cpp,7925ea53d92340f04a8604228c516a90c8936fd06f497bff49cf56bde8d7b90e,15145,1075,16.82,5,2,submission_1071_17.57_5.cpp
root_submission,submission_1076_16.54_2.cpp,b2df0c5b4f8af560ddab1953bc02b5a48f7517731500aa09b187594fc137d961,9720,1076,16.54,2,2,submission_1064_16.54_2.cpp
root_submission,submission_1077_81.94_7.cpp,15481abfd248b418b7d460d95e81303fc044a5b03fee94357c3c1676dff795f4,127918,1077,81.94,7,1,submission_1077_81.94_7.cpp
root_submission,submission_1078_81.94_7.cpp,d4792074e5a5c839c8a796fde89aa814c7a8d4ffda5efe4afe7e3184d8544889,127477,1078,81.94,7,1,submission_1078_81.94_7.cpp
root_submission,submission_1079_81.94_7.cpp,1b13e66a349f31f1d44e3f4853653575592596afaeb4b4d519098cdd4ab7135f,127469,1079,81.94,7,1,submission_1079_81.94_7.cpp
root_submission,submission_1080_81.93_7.cpp,660dfe4edb0f1777c0a610437fe002ae5573dd208622ccad20e864fb4ddebaf1,129036,1080,81.93,7,1,submission_1080_81.93_7.cpp
root_submission,submission_1081_16.47_7.cpp,1103e3095e6b693824976fe84134a1ba28210e128f0948cb6cf316940219a2e6,10590,1081,16.47,7,3,submission_1067_16.47_7.cpp
root_submission,submission_1082_16.56_2.cpp,2b139571f4bb182c82c270d4b14d1748135f6ffb561303bc1e5922e36ea2d113,15999,1082,16.56,2,3,submission_1048_16.56_2.cpp
root_submission,submission_1083_81.93_7.cpp,513c0e2c481113a2d7a3794331cf41eae6ab1b0cd29501064eb3a1b7877790ab,128419,1083,81.93,7,1,submission_1083_81.93_7.cpp
root_submission,submission_1084_70.49_6.cpp,549137fdbeb2ddaf265e65b8840778141e73ab2651ea5403060749c153e081e6,130166,1084,70.49,6,1,submission_1084_70.49_6.cpp
root_submission,submission_1085_67.73_6.cpp,c22049ce15659f14c871f8d639c4fcc56cfff806455068182b4a7a54f4602483,129872,1085,67.73,6,1,submission_1085_67.73_6.cpp
root_submission,submission_1086_81.91_7.cpp,a0736fdd43e0b8260418180e217af625054fba08ef1c3b02ff24863c29bcd214,129840,1086,81.91,7,1,submission_1086_81.91_7.cpp
root_submission,submission_1087_81.91_7.cpp,b987d36eec2adbd6dd6ac47ee07aeb386b54e1f3a15576942d2511a52c7ed3dc,129845,1087,81.91,7,1,submission_1087_81.91_7.cpp
root_submission,submission_1088_81.93_7.cpp,a7a2d1d3d8acca81ab95d79da6072e0b94c5adc4537b99db89d90ab0fd4a8f21,125969,1088,81.93,7,1,submission_1088_81.93_7.cpp
root_submission,submission_1089_81.94_7.cpp,9846a92152355ffe1b7999c68c1076d1222db4d63b62abe4c303f764799a68d8,125820,1089,81.94,7,1,submission_1089_81.94_7.cpp
root_submission,submission_1090_17.01_4.cpp,d34bfe614a785b082c64a0a2b8a0b1d83c266fd19b7fbe93b671e6e490234f01,48997,1090,17.01,4,2,submission_1039_17.01_4.cpp
root_submission,submission_1091_17.00_4.cpp,9fbe4830a4f5556228fdb75d23646638c7d39ed38b000311c565f8add4bc3a92,44302,1091,17.00,4,2,submission_1041_17.00_4.cpp
root_submission,submission_1092_81.93_7.cpp,8abc7cd23fc905b632786471027c199f814cf50807202a5fc91d8140aa6ce0e5,125325,1092,81.93,7,1,submission_1092_81.93_7.cpp
root_submission,submission_1093_45.87_4.cpp,f0bd5fd4ba6c4196d33ca9f3ef07ed5bcdf7ac5294c880f936ca81f61a178c46,29293,1093,45.87,4,1,submission_1093_45.87_4.cpp
root_submission,submission_1094_27.32_4.cpp,baddfdda62069c4f50162f874568521247f4cd3f03fe12d5f9bfc91f80af6e78,9713,1094,27.32,4,3,submission_1027_27.34_4.cpp
root_submission,submission_1095_81.94_7.cpp,ef7c2c0786bb9542047b549144daa035a3249bd9eb1c093d914c4e9a36e519b4,125794,1095,81.94,7,1,submission_1095_81.94_7.cpp
root_submission,submission_1096_81.94_7.cpp,8957e303cbce244f0ecf79ecb8798cbb9f1b9877ffd3adad8a6e76e39a1821c0,123622,1096,81.94,7,1,submission_1096_81.94_7.cpp
root_submission,submission_1097_81.61_7.cpp,6ba7809ebe62e721e32aef9bcf05f57916e8fa139b955f954e37f34799b2540d,124211,1097,81.61,7,1,submission_1097_81.61_7.cpp
root_submission,submission_1098_81.94_7.cpp,486b85929c54fd2ddd959888c09de29b4cf0dfff597a0b43bf51aac2d0243570,116347,1098,81.94,7,1,submission_1098_81.94_7.cpp
root_submission,submission_1099_81.93_7.cpp,1de8330571331d88a7482f6c61f65ba981d4d96cc6170abcf3194e2232c47456,118133,1099,81.93,7,1,submission_1099_81.93_7.cpp
root_submission,submission_1100_16.47_7.cpp,1103e3095e6b693824976fe84134a1ba28210e128f0948cb6cf316940219a2e6,10590,1100,16.47,7,3,submission_1067_16.47_7.cpp
root_submission,submission_1101_16.56_2.cpp,2b139571f4bb182c82c270d4b14d1748135f6ffb561303bc1e5922e36ea2d113,15999,1101,16.56,2,3,submission_1048_16.56_2.cpp
root_submission,submission_1102_52.61_5.cpp,d8dc9ca1a4a37e5c666ef45e904c0ea5abab6ecba23685d0ac72d23a2a9854d0,128413,1102,52.61,5,1,submission_1102_52.61_5.cpp
root_submission,submission_1103_81.93_7.cpp,4c96de219fec95dba594c36cee204efd60f4a4cf9ab6b0f7b8d36b3fc5c1bc79,124905,1103,81.93,7,1,submission_1103_81.93_7.cpp
root_submission,submission_1104_81.61_7.cpp,9f18dcfe54ee20c08129c013671d2353cfca8d2661cbd4f7f81bca5231f01819,124203,1104,81.61,7,1,submission_1104_81.61_7.cpp
root_submission,submission_1105_67.75_6.cpp,a11ac5ffad677ff2d1404d2985e715d56be4554fc1bd419dccac5588684798ce,113128,1105,67.75,6,1,submission_1105_67.75_6.cpp
root_submission,submission_1106_81.93_7.cpp,8e4ab57eefd62e3178f439c5b0ff253a0afd88ea2c7221f654d88aa4e6ca56e0,130956,1106,81.93,7,2,submission_1055_81.93_7.cpp
root_submission,submission_1107_13.83_2.cpp,4ae0d1e7991a97646037684d8dfca461cdd2ac354ab82ec5b83a0e595e2a85d9,16297,1107,13.83,2,1,submission_1107_13.83_2.cpp
root_submission,submission_1108_15.75_2.cpp,ab51b1c0e47d82763a1ace5466f1f083f9467d2d0abe734e828f077c54063337,20039,1108,15.75,2,1,submission_1108_15.75_2.cpp
root_submission,submission_1109_28.09_3.cpp,f1649d41281e99ddaaa87ba23d05096163406dd85877c7b6362832f67a670ed3,20145,1109,28.09,3,1,submission_1109_28.09_3.cpp
root_submission,submission_1110_16.47_2.cpp,fca6a2f4680e157ce6fd59a08707b4e5365e4215efcc997dce601fd40b8b73e7,9667,1110,16.47,2,1,submission_1110_16.47_2.cpp
root_submission,submission_1111_28.08_3.cpp,7f20f8089ed541134408a69b57a9fbd391b2ec3745219467e7015ad47138eeb7,21485,1111,28.08,3,1,submission_1111_28.08_3.cpp
root_submission,submission_1112_27.34_3.cpp,d57290b93f58df6feb5c16b004314f8287997243f02c151490fc3f2f183ea357,17275,1112,27.34,3,1,submission_1112_27.34_3.cpp
root_submission,submission_1113_26.81_4.cpp,ada9fcf730bced8915cb394d665442cd39a64575a571993a79ccd402c8a1f84b,9714,1113,26.81,4,1,submission_1113_26.81_4.cpp
root_submission,submission_1114_16.47_7.cpp,0a71c5a347e726679a89ae1890ffdf40a4ade897a8c8aca409c35083a95ed9df,10591,1114,16.47,7,1,submission_1114_16.47_7.cpp
root_submission,submission_1115_48.10_4.cpp,4976b9808ee3d8dba42cbdb87af0f2a9bb2ac222146a7e23b59c6e61b4e838fb,125947,1115,48.10,4,1,submission_1115_48.10_4.cpp
root_submission,submission_1116_56.31_5.cpp,69bc9df290ebe672f3506503046674243537900abc6f4e44a2f30a18c0660188,130830,1116,56.31,5,2,submission_1116_56.31_5.cpp
root_submission,submission_1117_16.30_2.cpp,aeab67b986efce9f31321cec2be497f390c06488ec67f8ec415db22052c6bc19,23203,1117,16.30,2,1,submission_1117_16.30_2.cpp
root_submission,submission_1118_16.30_2.cpp,a6c798d9933eeea8b94db8a09b2aca37f6ad349794e10e6d2d0e384b4a5862a6,23202,1118,16.30,2,1,submission_1118_16.30_2.cpp
root_submission,submission_1119_16.30_2.cpp,10c4019527a9cc5406f38d53f4bb35ad1659c29a03bfe1ddb8d2141bf46447c1,23198,1119,16.30,2,1,submission_1119_16.30_2.cpp
root_submission,submission_1120_16.30_2.cpp,1470df6a685a2e88a4a9f8a4a2eb77828cf5aeeb8d04f7e250cca0f64d384964,23197,1120,16.30,2,1,submission_1120_16.30_2.cpp
root_submission,submission_1121_16.53_2.cpp,9cc31ec6b87e43503e81be17843fb84473428635eb1942eb1f5ed200be14e902,26349,1121,16.53,2,1,submission_1121_16.53_2.cpp
root_submission,submission_1122_16.53_2.cpp,e3a897bd97dca5d9cff674962a4918cf3be8b9279a16409f9b4e74dd39158adb,26348,1122,16.53,2,1,submission_1122_16.53_2.cpp
root_submission,submission_1123_16.49_2.cpp,ec0b95a2443bbc1ff8e6cd6949cc3db382d5a9cb61edbcd80bb93c5a00a55df0,29664,1123,16.49,2,1,submission_1123_16.49_2.cpp
root_submission,submission_1124_16.49_2.cpp,cd5001c2a903c98e3a839c642aa45aff42488d7e430eff195f8a7c4a95e35923,29663,1124,16.49,2,1,submission_1124_16.49_2.cpp
root_submission,submission_1125_16.53_2.cpp,d4775266477e0ed7bc1bb8bd9fcee82f9e063ec127b6e4da52ce4fd883136006,33837,1125,16.53,2,1,submission_1125_16.53_2.cpp
root_submission,submission_1126_16.53_2.cpp,576fab0ea237e76eeb35a5057ecc87a7232f3b842d860ec294ebd697c19eee71,33836,1126,16.53,2,1,submission_1126_16.53_2.cpp
root_submission,submission_1127_29.33_3.cpp,288b2e3402b289d7f27fc2e80de07ada9b5d14c3cd8aca8b19d014548f89a4d7,31776,1127,29.33,3,1,submission_1127_29.33_3.cpp
root_submission,submission_1128_29.33_3.cpp,8e95d20dc3f28e414d3d7c2e891e7537d99a2a2625ce69b142249ba04e3734da,31775,1128,29.33,3,1,submission_1128_29.33_3.cpp
root_submission,submission_1129_29.33_3.cpp,f0395a4491df4f6c7c3d366ec6cbf57d2013171bd0504297987358d6383db19e,33989,1129,29.33,3,1,submission_1129_29.33_3.cpp
root_submission,submission_1130_29.33_3.cpp,90b9c22fab6adacf49d06529cf8f664b0a274c3ab8998cc9a18df128d74debed,33988,1130,29.33,3,1,submission_1130_29.33_3.cpp
root_submission,submission_1131_81.94_7.cpp,0617452dd2311bd8946465a434ee768a4d5d45822fc350f9cb4d0dbb8e3d30eb,130822,1131,81.94,7,2,submission_1131_81.94_7.cpp
root_submission,submission_1132_46.08_4.cpp,b61ff09820237b6bfc8ee8bdc9e334dfe99f8765cd03100018517dd9e558f2f4,32563,1132,46.08,4,1,submission_1132_46.08_4.cpp
root_submission,submission_1133_46.08_4.cpp,b0148fc1688801cb6a570978d0c87b5e3bc3d7b1047c18b958f59d2c7f66c297,32562,1133,46.08,4,1,submission_1133_46.08_4.cpp
root_submission,submission_1134_17.81_3.cpp,7f9c37e063a784ded008ef8ab7af174b7d0d0ab3c7629d67de2c9aa1b0da56d5,27127,1134,17.81,3,1,submission_1134_17.81_3.cpp
root_submission,submission_1135_17.81_3.cpp,cda872e5480bd0160441809d753e696f87e6adefd51e97989b443ad92c5e4801,27126,1135,17.81,3,1,submission_1135_17.81_3.cpp
root_submission,submission_1136_0.00_7.cpp,3b60b280d1cc4bdf8f4ca6f8e7dd7d092229e09b01d15b53440658f67493d23c,9810,1136,0.00,7,1,submission_1136_0.00_7.cpp
root_submission,submission_1137_0.00_7.cpp,fc4677781a91231d1033c39d0ab6885f8e18741a3392a50debf5e9a3fef8d091,9809,1137,0.00,7,1,submission_1137_0.00_7.cpp
root_submission,submission_1138_40.00_4.cpp,0135859786fd28d0ea6610386e7c9660b7d4d93a4a32d35caa6e3356769858a1,18632,1138,40.00,4,1,submission_1138_40.00_4.cpp
root_submission,submission_1139_40.00_4.cpp,b81127cdd85d10722311399e8d642131a7a4d18ffb712924a13444687bfc291e,18631,1139,40.00,4,1,submission_1139_40.00_4.cpp
root_submission,submission_1140_34.00_4.cpp,272f6ceb9316c8db7c38d0aeeed35d4653f3fdc3b3860e976ba0b9c90b284b00,21719,1140,34.00,4,1,submission_1140_34.00_4.cpp
root_submission,submission_1141_34.00_4.cpp,2bae1eba1b93c093a65ce1de87c444f2046efaf6a07cc51780f880cfd5da26ed,21718,1141,34.00,4,1,submission_1141_34.00_4.cpp
root_submission,submission_1142_0.00_6.cpp,5872541987ac595f5a867b7a660cf3ff41bef33a74c24c287824baf86e8edd5d,19341,1142,0.00,6,1,submission_1142_0.00_6.cpp
root_submission,submission_1143_0.00_6.cpp,5015deb1992dd4b625512edeb097a4a78eac7950ba4b622cb680f47e948b77d1,19340,1143,0.00,6,1,submission_1143_0.00_6.cpp
root_submission,submission_1144_56.66_5.cpp,51fd72a630ce06b4216a28407176bf17bb75a10f1aefdb14afd06ce0566acbcf,130825,1144,56.66,5,2,submission_1144_56.66_5.cpp
root_submission,submission_1145_53.93_5.cpp,afa1759b071bf51d5db9b98145804668aaf2b350bee1b2d4bea83e3cc8087d0c,131019,1145,53.93,5,3,submission_1145_53.93_5.cpp
root_submission,submission_1146_28.83_3.cpp,9c9b17c333580e9e6b7694b79303269ae603af4b1e80c69b3e10e93ea12448d9,28505,1146,28.83,3,1,submission_1146_28.83_3.cpp
root_submission,submission_1147_28.83_3.cpp,2a730ed62db39b51f32d1f555052bd647d480b662e6566f92a552df0989b41cc,28504,1147,28.83,3,1,submission_1147_28.83_3.cpp
root_submission,submission_1148_0.00_2.cpp,b66b104cdab99260ba63ea4e510cfb2db771c92ddaa10a7a400d970886c945e8,19572,1148,0.00,2,1,submission_1148_0.00_2.cpp
root_submission,submission_1149_0.00_2.cpp,91508dd98cddbe8a84fa14af3d75a0a7c2d3ab947ecf4ab2ced81c478e4d9bfa,19571,1149,0.00,2,1,submission_1149_0.00_2.cpp
root_submission,submission_1150_16.30_7.cpp,2a34684cd065d5eb8c4ccd442388086f333eea297f4fcb0838f026c9185f4f23,14185,1150,16.30,7,1,submission_1150_16.30_7.cpp
root_submission,submission_1151_16.30_7.cpp,bb0d7beb53db30c2ab786179c7d52d174f8da7e2ad70051ad3b3c425f4b70435,14184,1151,16.30,7,1,submission_1151_16.30_7.cpp
root_submission,submission_1152_29.33_3.cpp,f81a5d8f78a9affd9a06cbe57e3ebab6b2ad70dd45085bd75b09f3763ac22a05,33637,1152,29.33,3,1,submission_1152_29.33_3.cpp
root_submission,submission_1153_81.93_7.cpp,c26495d0b92324af91c2f3480b9e2d6ea1a77208876d9fbc6da5a7fb289ae2e0,130665,1153,81.93,7,1,submission_1153_81.93_7.cpp
root_submission,submission_1154_81.93_7.cpp,658fb6af2a4d366a33191b0d1bf462bf82d30c30627780fe669f1d6ba6536771,127269,1154,81.93,7,1,submission_1154_81.93_7.cpp
root_submission,submission_1155_81.93_7.cpp,c3021f265386212d98f5df87e7f9fb5143773339b545edb3ab546303bc28ca6d,122845,1155,81.93,7,2,submission_1155_81.93_7.cpp
root_submission,submission_1156_81.93_7.cpp,c3021f265386212d98f5df87e7f9fb5143773339b545edb3ab546303bc28ca6d,122845,1156,81.93,7,2,submission_1155_81.93_7.cpp
root_submission,submission_1157_81.93_7.cpp,7f99023676d2f61460b7d239a60a3a3d237d4b8f517dd9bde33b15a69822dbbd,131050,1157,81.93,7,1,submission_1157_81.93_7.cpp
root_submission,submission_1158_48.10_4.cpp,d4f3e2d807767c21aee10c095277f17666479b697e5614901f955dbacb89617b,27549,1158,48.10,4,2,submission_1158_48.10_4.cpp
root_submission,submission_1159_41.89_4.cpp,f920d20baca63042fdb2288035c5162a81d343eb938d0ae641d56e9dbf13a422,118143,1159,41.89,4,2,submission_1159_41.89_4.cpp
root_submission,submission_1160_40.45_4.cpp,57a8ab981f4e635227c36d6a63ad6e7f14ab03aeda47846fab2ea44cb6c81b43,19572,1160,40.45,4,2,submission_1160_40.45_4.cpp
root_submission,submission_1162_48.10_4.cpp,d4f3e2d807767c21aee10c095277f17666479b697e5614901f955dbacb89617b,27549,1162,48.10,4,2,submission_1158_48.10_4.cpp
root_submission,submission_1163_41.89_4.cpp,f920d20baca63042fdb2288035c5162a81d343eb938d0ae641d56e9dbf13a422,118143,1163,41.89,4,2,submission_1159_41.89_4.cpp
root_submission,submission_1164_40.45_4.cpp,57a8ab981f4e635227c36d6a63ad6e7f14ab03aeda47846fab2ea44cb6c81b43,19572,1164,40.45,4,2,submission_1160_40.45_4.cpp
root_submission,submission_1165_40.65_4.cpp,24e20c94a8cc51743902ba758551f7773f45e3a90f67f2e83733c07957c02e76,17300,1165,40.65,4,1,submission_1165_40.65_4.cpp
root_submission,submission_1166_42.50_4.cpp,1ac1f78ec7beba787e32f87f999e4f77ebacf3d439bc27202a1c43f82deeec0c,20205,1166,42.50,4,1,submission_1166_42.50_4.cpp
root_submission,submission_1167_50.25_5.cpp,20a2521e9cca1c9a22ff51f4ddcc760b18b2d1e4a7ca19c376b83857044f73ce,25720,1167,50.25,5,1,submission_1167_50.25_5.cpp
root_submission,submission_1168_40.88_5.cpp,e92543a9eaa272ef72ca1a8161ab0f062b5faa011be21c5b1150771a81b562be,17934,1168,40.88,5,1,submission_1168_40.88_5.cpp
root_submission,submission_1169_16.54_2.cpp,3c0b93cd1dcce85376fa523ac9f6af07f0bafa74fe9da52766dd3d656887bff2,45175,1169,16.54,2,2,submission_1169_16.54_2.cpp
root_submission,submission_1170_16.54_2.cpp,3c0b93cd1dcce85376fa523ac9f6af07f0bafa74fe9da52766dd3d656887bff2,45175,1170,16.54,2,2,submission_1169_16.54_2.cpp
root_submission,submission_1171_81.94_7.cpp,b9ce58a0266e40e40d828d12bd36ed242ee0374799351a098dde5757a7301284,130822,1171,81.94,7,1,submission_1171_81.94_7.cpp
root_submission,submission_1172_81.94_7.cpp,0886f4ded245f2c08d3d143d1cbf27c6ce8c54740a238eea66b29a5fa5a9ce60,130823,1172,81.94,7,1,submission_1172_81.94_7.cpp
root_submission,submission_1173_81.94_7.cpp,a619974367569a36a22a389712b2f2d15d842dec4e5d0189c425b2087b6ad1aa,130822,1173,81.94,7,1,submission_1173_81.94_7.cpp
root_submission,submission_1174_81.94_7.cpp,b83ecd73f35b4a0413ef1e26ac1814549aa490d333677690bad5fb768bd4397a,130864,1174,81.94,7,1,submission_1174_81.94_7.cpp
root_submission,submission_1175_40.00_4.cpp,e26ba94e0f3c7da3b89c3571c95d61899f09c659b51e312539b7d053bbdad82f,36446,1175,40.00,4,1,submission_1175_40.00_4.cpp
root_submission,submission_1176_81.94_7.cpp,5f9f4b1f07c616b5ef33a3a481e9e6cee20f948e504207f9baa363a96304abe4,130824,1176,81.94,7,1,submission_1176_81.94_7.cpp
root_submission,submission_1177_81.94_7.cpp,2a3ea7de3d8018a63bcfde4a960908c349077afd85249c7e985ee03b9b810f10,130864,1177,81.94,7,1,submission_1177_81.94_7.cpp
root_submission,submission_1178_81.94_7.cpp,1ddaf039dba0c24dc88bd732875c6819ec4b7284a82c94e38c129cb22fb9761b,130864,1178,81.94,7,1,submission_1178_81.94_7.cpp
root_submission,submission_1179_81.94_7.cpp,ccb10d8563288ac86a1c975e1ec9c7db4741d35d5c51e4be5cac4a6d65a0928a,130864,1179,81.94,7,1,submission_1179_81.94_7.cpp
root_submission,submission_1180_81.94_7.cpp,7c3143a8efa77f95788509833d36e1a23c5f78bd24a625b25f388aa46adda9ce,130905,1180,81.94,7,1,submission_1180_81.94_7.cpp
root_submission,submission_1181_81.95_7.cpp,afa1759b071bf51d5db9b98145804668aaf2b350bee1b2d4bea83e3cc8087d0c,131019,1181,81.95,7,3,submission_1145_53.93_5.cpp
root_submission,submission_1182_81.94_7.cpp,abb13626791389d846920cb475b3e25e2d65629c1ca3919cc54268374e739846,130864,1182,81.94,7,1,submission_1182_81.94_7.cpp
root_submission,submission_1183_81.94_7.cpp,b4d3d0219c81c50b4c543662c1f550f98afd5d1fcd4d1f06412d5dc697193128,130865,1183,81.94,7,1,submission_1183_81.94_7.cpp
root_submission,submission_1184_56.66_5.cpp,51fd72a630ce06b4216a28407176bf17bb75a10f1aefdb14afd06ce0566acbcf,130825,1184,56.66,5,2,submission_1144_56.66_5.cpp
root_submission,submission_1185_81.94_7.cpp,0617452dd2311bd8946465a434ee768a4d5d45822fc350f9cb4d0dbb8e3d30eb,130822,1185,81.94,7,2,submission_1131_81.94_7.cpp
root_submission,submission_1186_81.94_7.cpp,4bbeefe3e941fb35bc10695dcaa60bc15a9ac3c9be539ee2974863716b994b06,130864,1186,81.94,7,1,submission_1186_81.94_7.cpp
root_submission,submission_1187_56.31_5.cpp,69bc9df290ebe672f3506503046674243537900abc6f4e44a2f30a18c0660188,130830,1187,56.31,5,2,submission_1116_56.31_5.cpp
root_submission,submission_1188_81.94_7.cpp,7105ff5c748bfc6f1b76fc1cc001f8f3b1e9cbd1479273a78c2fbb439d25aaae,130864,1188,81.94,7,1,submission_1188_81.94_7.cpp
root_submission,submission_1189_53.93_5.cpp,930f293ba5d10daa3dd38f709a190905f094e92276b2c12416c8a45abb829859,131037,1189,53.93,5,1,submission_1189_53.93_5.cpp
root_submission,submission_1190_12.91_2.cpp,f171c7dd47b723290c780b9bc26084565e02548be9828e5bdbe1c3923e99881b,129916,1190,12.91,2,1,submission_1190_12.91_2.cpp
root_submission,submission_1191_53.93_5.cpp,9160f73468e75607acbe7e3246f10096124abf958d8e9c80858f2a9997df5005,130997,1191,53.93,5,1,submission_1191_53.93_5.cpp
root_submission,submission_1192_53.93_5.cpp,afa1759b071bf51d5db9b98145804668aaf2b350bee1b2d4bea83e3cc8087d0c,131019,1192,53.93,5,3,submission_1145_53.93_5.cpp
root_submission,submission_1193_53.93_5.cpp,86b23f4ebc95afba51fb38c276cfdaf36fce3a439d5f787875508d523bc4d800,130997,1193,53.93,5,1,submission_1193_53.93_5.cpp
root_submission,submission_1194_56.93_5.cpp,a589db1fe10289c42be3f4f8f74c6557e4740a6b3d031a36cb91bc540bfc767e,130964,1194,56.93,5,1,submission_1194_56.93_5.cpp
root_submission,submission_1195_15.14_2.cpp,ad4fd59fd10be8e8f093ce84ef2d844436bb53cd1a265b37d26244d53d2d5601,131038,1195,15.14,2,1,submission_1195_15.14_2.cpp
root_submission,submission_1196_53.93_5.cpp,1d6f626522f44ee40ae2b7277b1851a15cf457ad59ef8f52cd77b9f1d96b0245,130997,1196,53.93,5,1,submission_1196_53.93_5.cpp
root_submission,submission_1197_81.93_7.cpp,427c297d06c632f25370e01fd6880d7aad0ab2ae2a4ef88bf2bc9a6f52a6a178,123350,1197,81.93,7,2,fetched_sources/kattis_19913561_81.93_7.cpp
root_submission,submission_1198_29.33_3.cpp,97f47ead479773893b057f091933952debef4df94ec98d8ccde9f2a94e4aa053,33638,1198,29.33,3,2,fetched_sources/kattis_19913563_29.33_3.cpp
root_submission,submission_1199_81.93_7.cpp,08707ac92cab347e966ceef59cd424ebbd778c582a96abf5ae9bc93a2f9b0791,124594,1199,81.93,7,1,submission_1199_81.93_7.cpp
root_submission,submission_1200_81.93_7.cpp,8288cbdf60a83ae9857f75b07269ad5babc2d6a57d8b99c9236ef1da72e6f57b,121677,1200,81.93,7,1,submission_1200_81.93_7.cpp
root_submission,submission_1201_0.00_7.cpp,e6b6d20c1a0c8fb17081532f294f1fb91c1c70606f9f661a9d4e9834b4dd20d4,17975,1201,0.00,7,1,submission_1201_0.00_7.cpp
root_submission,submission_1202_0.00_7.cpp,911e973a654035b1ada48b7ba1e447778a06c6967e013c91063b8b48b8a42e9f,17974,1202,0.00,7,1,submission_1202_0.00_7.cpp
root_submission,submission_1203_81.93_7.cpp,6a16163b3f28c63654eadf74fd671f7cc9c457081886566a4d9499f4a0122b8a,124883,1203,81.93,7,1,submission_1203_81.93_7.cpp
root_submission,submission_1204_81.93_7.cpp,04c1e533688ffe11b6ce38e3b1ec054c67e621e57f860cc1d53aa0f01fff6a08,121426,1204,81.93,7,1,submission_1204_81.93_7.cpp
root_submission,submission_1205_81.93_7.cpp,2ace6d9b6a6c5ece170850446f7ebc7d4ed968bf2501d91fb9ea75a818c14007,117478,1205,81.93,7,1,submission_1205_81.93_7.cpp
root_submission,submission_1206_81.93_7.cpp,cb2abbf869fc645c6a1d41df5966bd333448487e19cb047d4ae13517ced8f2fe,128740,1206,81.93,7,1,submission_1206_81.93_7.cpp
root_submission,submission_1207_14.67_2.cpp,78ed61060cf443ba23eba3b96bfc8ace56c88885a1d43b12af33d2f3f9a262b2,26918,1207,14.67,2,1,submission_1207_14.67_2.cpp
root_submission,submission_1208_14.33_2.cpp,17c9c0045a8a28436f4ef9d697687b953d64a9d624605ac68839407c662e30b0,29583,1208,14.33,2,1,submission_1208_14.33_2.cpp
root_submission,submission_1209_19.01_3.cpp,e0dfb13a6e3e8449233a8830bc55da11e234e5f7f671ff06ea70bd8512adbdc1,51402,1209,19.01,3,1,submission_1209_19.01_3.cpp
root_submission,submission_1210_37.57_4.cpp,80d537e1d98097e1985e97b539621e155873b51bb84ffeb75a6326fd34ed694d,39340,1210,37.57,4,1,submission_1210_37.57_4.cpp
root_submission,submission_1211_17.02_4.cpp,8620cf50e217b123015ab31065e15797048f7fc10ea2cc5d3002ad6a91a13745,45583,1211,17.02,4,1,submission_1211_17.02_4.cpp
root_submission,submission_1212_44.20_4.cpp,b8351fdfd6b5c85a9f1f132380976612fff42d2739f0ce57458d6135543d48c6,47309,1212,44.20,4,1,submission_1212_44.20_4.cpp
root_submission,submission_1213_16.50_2.cpp,59e17d8e041965b5c13935bd24f19b397911c7388547119c6fdb267a8bd64f2d,24847,1213,16.50,2,1,submission_1213_16.50_2.cpp
root_submission,submission_1214_45.91_4.cpp,5acfee828e9ff3a03442e3b62c9f5ebbe3771f4a37cd197c6f361ad30cd4f4ef,37056,1214,45.91,4,1,submission_1214_45.91_4.cpp
root_submission,submission_1215_15.58_2.cpp,e37bf4389da7054fa31609974d491403bced1b20dd4ecd86fc907a817e0505ac,29105,1215,15.58,2,1,submission_1215_15.58_2.cpp
root_submission,submission_1216_55.23_5.cpp,431e6b4d713949f1ac8ff37ac763df7865b269ee9799913cf14d56db0a737883,29872,1216,55.23,5,1,submission_1216_55.23_5.cpp
root_submission,submission_1217_15.09_2.cpp,c5d406107340e41b4ef7226393065c7b267d917c5a8efb75d72938dfc2eed139,29655,1217,15.09,2,1,submission_1217_15.09_2.cpp
root_submission,submission_1218_29.80_3.cpp,833758d4cfd0a6fd8f852131a2e5d625882c4c931ba57df7030574ea85131dd1,32109,1218,29.80,3,1,submission_1218_29.80_3.cpp
root_submission,submission_1219_81.93_7.cpp,e2cacea8f388be5fcd6406de84246a4e8a4e64402d0de97a3f97aa1f92047132,118289,1219,81.93,7,1,submission_1219_81.93_7.cpp
root_submission,submission_1220_64.44_6.cpp,45c97a8cb2dcf8de225e1d040535b99290b5efa326f821e2670f786fe33e4dbb,24286,1220,64.44,6,1,submission_1220_64.44_6.cpp
root_submission,submission_1221_0.00_0.cpp,964eaf373eb117985c4e06c9a25f62296d5e013757e695c9c812a7a3cf8bb005,23361,1221,0.00,0,1,submission_1221_0.00_0.cpp
root_submission,submission_1222_0.00_0.cpp,f9f1360cc7eb1fa2d6a2184f9c2e03c8f4f77f8e9f5b59586abbbd90704c6035,23198,1222,0.00,0,1,submission_1222_0.00_0.cpp
root_submission,submission_1223_0.00_0.cpp,fa3ffceba4f802b855470ac2552c72a2aa61fffbf930f9b091d1d01c272ea65e,40945,1223,0.00,0,1,submission_1223_0.00_0.cpp
root_submission,submission_1224_16.43_3.cpp,8c2be8b1c8518d87ec2f83359cf0a56f99be9ea09f410f5245e0f9ad951506d7,22522,1224,16.43,3,1,submission_1224_16.43_3.cpp
root_submission,submission_1225_0.00_0.cpp,f7ef42c8fdcde9b0012fd7fc81aa01ece32af26e2251de05d57227696abde933,49746,1225,0.00,0,1,submission_1225_0.00_0.cpp
root_submission,submission_1226_0.00_0.cpp,a5d1be4645c9a5505fa81526857fbad14ee2ec5b0055e1796248242027dc6c4f,21028,1226,0.00,0,1,submission_1226_0.00_0.cpp
root_submission,submission_1227_0.00_0.cpp,9ce343d8a43856132345e0670df6c2e7bc4873c30c56c5ce865dda82157fe274,14542,1227,0.00,0,1,submission_1227_0.00_0.cpp
root_submission,submission_1228_0.00_0.cpp,0f9cdae3ec3d8cb0c0269546f4228777be82111e30ada07dbe804164e4619b91,35285,1228,0.00,0,1,submission_1228_0.00_0.cpp
root_submission,submission_1229_43.77_4.cpp,951228fbe51b5d35b1800ffc94d7408891c719816c9123ccb4f9daf1eda3fe3d,22633,1229,43.77,4,1,submission_1229_43.77_4.cpp
root_submission,submission_1230_16.65_3.cpp,f4749a3fe88c1751fb5bb4b18a38a62ffe41de44ebbfda56ca7cbf505649b4d0,57612,1230,16.65,3,1,submission_1230_16.65_3.cpp
root_submission,submission_1231_13.67_5.cpp,2b1f916bba8e19a56669547ebf341ec22121c9a86f9891b581363b6d02acf83e,35777,1231,13.67,5,1,submission_1231_13.67_5.cpp
root_submission,submission_1232_44.20_4.cpp,51e72298d4d3b0ef5fec3921f4f631a1c66532144ac72e8b629759ab1faa6ed5,63360,1232,44.20,4,1,submission_1232_44.20_4.cpp
root_submission,submission_1233_55.27_5.cpp,81c64ae4689c072ef523eb84f9125f1dd15ec3899435b310f9125947a886684b,36628,1233,55.27,5,1,submission_1233_55.27_5.cpp
root_submission,submission_1234_17.00_4.cpp,cf2664824e763a9db3b249f225741910047d5501639061672009e9aed3cc3074,46292,1234,17.00,4,1,submission_1234_17.00_4.cpp
root_submission,submission_1235_45.17_4.cpp,15209ada61e4241c9c29a786d1775f646771c720271dea80df4ed203ca4d1bbb,21100,1235,45.17,4,1,submission_1235_45.17_4.cpp
root_submission,submission_1236_68.11_6.cpp,5779dcd1f4a5352e0d787c6092b6f1053ee54dd3c5be55824730f0f1ba561ebe,131021,1236,68.11,6,2,fetched_sources/kattis_19915873_68.11_6.cpp
root_submission,submission_1237_81.94_7.cpp,fe84a369c32df19fe3174ea47bd201c3570a6fd4d0ef221f9ca8e07a277bcc76,129127,1237,81.94,7,2,fetched_sources/kattis_19915979_81.94_7.cpp
root_submission,submission_1238_68.11_6.cpp,e4ca7fdbecb5465b1fa4fce8ee3c694ecb4864ddb773aa3e742898f87c96f001,125051,1238,68.11,6,2,fetched_sources/kattis_19915947_68.11_6.cpp
root_submission,submission_1239_80.65_7.cpp,bce9ec0321635870c08eb2d15860869831e4ea615cea80d3f9206efb70487dd6,121845,1239,80.65,7,2,fetched_sources/kattis_19916059_80.65_7.cpp
root_submission,submission_1240_81.93_7.cpp,c931fb86003d6b9743080f9d2c0aa9371f9a1458ee79456e78440ad9f7214437,130553,1240,81.93,7,2,fetched_sources/kattis_19916451_81.93_7.cpp
root_submission,submission_1241_81.93_7.cpp,dcdc6900a5ae4bf74408b41892cc00fac8236d72ed53d4ea7d090e3c14409104,130521,1241,81.93,7,2,fetched_sources/kattis_19916575_81.93_7.cpp
root_submission,submission_1242_71.11_6.cpp,bd6fd2e8f804515cd5367b085baf7a3a4a9c0d8d53f08a8b26d60fcd1f05275c,130726,1242,71.11,6,2,fetched_sources/kattis_19916962_71.11_6.cpp
root_submission,submission_1243_53.92_5.cpp,d359a4d7feff2ee445d93890cf4d9428c5f9d9e7354d9f225d2dc2ca4e359c41,121594,1243,53.92,5,2,fetched_sources/kattis_19916172_53.92_5.cpp
root_submission,submission_1244_53.93_5.cpp,be8bbbb040ad65025967cc12c2ccca30794a740a3014ae5d693d9599efc2a7e5,131036,1244,53.93,5,2,fetched_sources/kattis_19916304_53.93_5.cpp
root_submission,submission_1245_43.10_4.cpp,61c76b8edd42a3ae75c0168a62d09b7474e209e5c06081310d7bafbde3b9ede2,131036,1245,43.10,4,2,fetched_sources/kattis_19916404_43.10_4.cpp
root_submission,submission_1246_53.93_5.cpp,42be75e13d7ef0f9d8d8b5a4997146a26a6fe96861e8efb5e2570837dd3ab129,130998,1246,53.93,5,2,fetched_sources/kattis_19916516_53.93_5.cpp
root_submission,submission_1247_56.67_5.cpp,f7c353e246ff7b4cec3fbeb02a08450488fde6b36fa40d8961581a764b9b8282,26750,1247,56.67,5,2,fetched_sources/kattis_19916795_56.67_5.cpp
root_submission,submission_1248_81.93_7.cpp,93afcb77c4c48e3c487b9d6482c438234467b4b78dc6daec3641f4903d652590,130615,1248,81.93,7,2,fetched_sources/kattis_19917114_81.93_7.cpp
root_submission,submission_1249_81.93_7.cpp,75fa06478951a7229b38faba039cb698a2fcaec3127eff8a1d6a44871cba8599,130682,1249,81.93,7,2,fetched_sources/kattis_19917401_81.93_7.cpp
root_submission,submission_1250_PENDING.cpp,8059163939024778be5fe46ea85a486bab90046987ee463cb9b00d035bb52a89,130558,1250,,,1,submission_1250_PENDING.cpp
root_submission,submission_1251_PENDING.cpp,7f186ce6039e1def053f812773f740adbda2cb7ac6b6546c2a9add82ad329813,130372,1251,,,1,submission_1251_PENDING.cpp
root_submission,submission_1252_PENDING.cpp,8d25a50b9995b1cad109d59abdfa31c17198294b02779d004b6518fab0260360,130584,1252,,,1,submission_1252_PENDING.cpp
root_submission,submission_967_38.28_4.cpp,b93130a6b6659a589bc915c0bbbfcbf3a82662cf138a9417e4aeccbade5df1a2,39852,967,38.28,4,1,submission_967_38.28_4.cpp
root_submission,submission_968_81.93_7.cpp,844158c7d7c6d129c4d1e577c365d370a3689697e4ee51c8d0fdd7b979a6a1f0,130372,968,81.93,7,1,submission_968_81.93_7.cpp
root_submission,submission_969_79.88_7.cpp,e7dea9184ebb242caf5af05ec3fb6eca3202e4ff4b285233adfbd5c43eb00d8d,130579,969,79.88,7,1,submission_969_79.88_7.cpp
root_submission,submission_970_15.41_1.cpp,2303f86a94781a0a9f3c597bef82c7adcee4826ced8914c286b9e919ba2b4264,33821,970,15.41,1,1,submission_970_15.41_1.cpp
root_submission,submission_971_81.93_7.cpp,69ba33dcfb22a5763b96622db84f4ad6a71e20d2c0213a4e45b387b87f82c9bd,130621,971,81.93,7,1,submission_971_81.93_7.cpp
root_submission,submission_972_15.67_2.cpp,14e891d7810d76703593e78a62a3a267845e53b7494b7afa8914362995c548c9,37672,972,15.67,2,1,submission_972_15.67_2.cpp
root_submission,submission_973_81.93_7.cpp,1e07c7e5757764b4c1d82134590576e22cda70881a4478ec6968397cf5326252,130372,973,81.93,7,1,submission_973_81.93_7.cpp
root_submission,submission_974_81.60_7.cpp,62267daba305ecb74819584650f16f00f33a4f87f31bb780de2c06df219dbf27,130652,974,81.60,7,1,submission_974_81.60_7.cpp
root_submission,submission_975_59.78_5.cpp,ece38e7cb2ce9e2c248449a5d740f63b0e30879f72b2f1bb07b87c01edc10bb5,35687,975,59.78,5,1,submission_975_59.78_5.cpp
root_submission,submission_976_15.41_1.cpp,445077126e165d22bef4c584b55aea17879c903e77f5219bf9163509774a1284,35239,976,15.41,1,1,submission_976_15.41_1.cpp
root_submission,submission_977_46.58_6.cpp,cd08d26b2022daeee3c012dd67fc27fd5ea4d043f67c008fae4afda6c98dce0d,38496,977,46.58,6,1,submission_977_46.58_6.cpp
root_submission,submission_978_81.93_7.cpp,2a905a4b7c56df52f806f8605567e76a3dab8ec89ba39e4d6acdbcfa3ea3e820,130072,978,81.93,7,1,submission_978_81.93_7.cpp
root_submission,submission_979_38.26_4.cpp,cbf3ea9728a6d16a73b19861c4559ec86d2377cb41b47a75d32afedc598fd170,40049,979,38.26,4,1,submission_979_38.26_4.cpp
root_submission,submission_980_81.93_7.cpp,0a367b11c346cfae8f086a66606e348a3661082e1af17e4a8204d4723414d168,130432,980,81.93,7,1,submission_980_81.93_7.cpp
root_submission,submission_981_16.36_2.cpp,e33adf31bdf7fc87198e01dbc6c723f169d00179188c74379e16c27c960c6951,20508,981,16.36,2,1,submission_981_16.36_2.cpp
root_submission,submission_982_81.93_7.cpp,6945a2d469ef09ed9ca211127c27e68eb372bc0fb83484ac24893523bb76e0f7,130436,982,81.93,7,1,submission_982_81.93_7.cpp
root_submission,submission_983_81.93_7.cpp,bcf477b086d57dd73c58fe629353c6306798aa73ce406e4f18005452f544ac40,130607,983,81.93,7,1,submission_983_81.93_7.cpp
root_submission,submission_984_14.75_2.cpp,b0bf631fc7fb09aae5baf8bf8402e976facc50f1ec88d0de46d4d29b540f8684,19273,984,14.75,2,1,submission_984_14.75_2.cpp
root_submission,submission_985_81.93_7.cpp,50425839bde7793661d2e9545e071f9d9152ea36cf11e2c9929e7b89e6a8fc89,130610,985,81.93,7,1,submission_985_81.93_7.cpp
root_submission,submission_986_38.45_4.cpp,6199b80615072384875b0bfcb850203d5b47b0ce5516b6c8c33ba74b29b8146f,59310,986,38.45,4,1,submission_986_38.45_4.cpp
root_submission,submission_987_81.93_7.cpp,290ebf092c0735aaeaccc47126612616b43faaaa20bb43c22b7365709a474fd3,130945,987,81.93,7,1,submission_987_81.93_7.cpp
root_submission,submission_988_81.93_7.cpp,e96b3314227432aab9174cd8a4f285ecd615eeae0fd335d04e7f40a3573156cf,130911,988,81.93,7,1,submission_988_81.93_7.cpp
root_submission,submission_989_29.76_3.cpp,a75bab3bc6f5779b72bce394df48c7c6b94c37ae12d0fa1d274c5926515c94d0,35997,989,29.76,3,1,submission_989_29.76_3.cpp
root_submission,submission_990_81.93_7.cpp,887f3fce9b005bea539761b7d7ec8c9e6d133400a9da12336bf3c5da79906e6a,130742,990,81.93,7,1,submission_990_81.93_7.cpp
root_submission,submission_991_81.93_7.cpp,65351d1bfeb3cf5952322def454e196d64cc95dd5f1fbaa3250c6ea13fa881f0,130645,991,81.93,7,1,submission_991_81.93_7.cpp
root_submission,submission_992_81.93_7.cpp,df178a21c9248be3f685c617e3c68effca0d7d3ba2556e0008b605c0d45c9dd2,130650,992,81.93,7,1,submission_992_81.93_7.cpp
root_submission,submission_993_0.00_0.cpp,e3b2b27f88a196071a0ed75b7d538dee19326b6c751e916b587de32ac926f01b,7972,993,0.00,0,1,submission_993_0.00_0.cpp
root_submission,submission_994_81.93_7.cpp,4987b05bd5ae471f81ba1119663e70ca2ec639537f2ef482ea7a4841002be937,130612,994,81.93,7,1,submission_994_81.93_7.cpp
root_submission,submission_995_81.93_7.cpp,477228b508503a3da39d8b5143b343b897f0bc68f519bd85fd319a0f2f5fd8d7,130668,995,81.93,7,1,submission_995_81.93_7.cpp
root_submission,submission_996_81.93_7.cpp,176670d6c6d851918c1c50c5c5ff85955fc572674a8a75b28716c3c536f572c6,130667,996,81.93,7,1,submission_996_81.93_7.cpp
root_submission,submission_997_30.64_4.cpp,b2f428531dd16fea0de5b519eb1847a5fb67de60a599e81cc8f6fa36c0ff69fd,9452,997,30.64,4,1,submission_997_30.64_4.cpp
root_submission,submission_998_81.93_7.cpp,daf72651ed464cfaf82daeb3611ab5213418442f9657dd8a0223637e75858808,130615,998,81.93,7,1,submission_998_81.93_7.cpp
root_submission,submission_999_81.93_7.cpp,780a013df11198c6fba091509f3a2a3379844a825fd924c428ffab9a01d2e612,130508,999,81.93,7,1,submission_999_81.93_7.cpp
